Id,Status
10673,1
13215,0
13736,1
21205,1
7473,0
21831,1
17963,0
12587,0
9036,1
21989,1
2641,0
10686,1
5065,1
15293,0
6245,0
10982,1
16832,0
2609,0
17985,1
15441,0
7345,0
12655,0
7275,1
8263,1
14966,0
9734,1
17107,0
22597,1
2702,0
20627,0
10395,0
1480,0
9874,1
6530,1
20677,0
17860,1
17094,0
19573,0
18196,1
19341,0
3484,0
12691,1
6957,1
14528,0
9117,1
14004,1
17640,0
11410,0
1174,0
3085,0
10705,0
1903,0
4658,1
2939,1
21699,0
4203,0
22847,0
1362,0
21179,0
15065,0
18874,1
17440,1
444,0
17385,1
10595,0
1421,0
16119,1
11813,1
811,1
17324,0
10394,0
12288,1
18701,1
20983,0
2685,0
11159,0
4675,1
6947,1
12083,0
8110,0
5723,0
1544,0
5563,0
3289,1
11583,0
4593,0
21538,0
875,1
19977,0
20786,1
9646,0
21406,0
22436,1
15196,0
22516,0
22138,0
246,0
11977,0
9370,0
14530,1
17927,0
10415,0
21682,0
10031,0
14209,0
10798,1
7719,0
8634,1
18078,1
13057,0
21031,0
15094,0
19415,0
18071,0
20528,0
11650,0
6407,0
16505,1
9440,0
3733,1
4622,0
10904,0
11132,1
2512,0
16733,0
16342,1
22698,1
12724,1
18144,1
2877,0
847,0
12086,0
3640,0
15443,1
14867,0
12789,0
17485,1
20545,1
14238,0
7787,1
2858,1
10210,1
4425,0
10514,0
4819,1
4030,1
15411,0
18291,1
551,0
20066,0
7303,0
10069,0
15980,0
9822,0
11833,1
19832,0
18491,0
3867,0
10635,1
22021,0
8205,0
6133,0
13102,0
17391,0
3608,0
4468,0
11721,0
18377,1
14829,0
3991,0
20813,0
1251,0
3680,1
15156,0
14770,0
22195,1
16455,0
9290,0
3586,0
15015,1
1033,0
6536,0
17525,0
5029,1
10831,1
9643,1
275,1
18314,1
1513,0
9430,0
195,0
7187,1
5457,0
1633,0
2476,0
22679,1
1113,0
6423,1
9363,0
19189,1
19071,0
17883,0
21761,0
13161,0
11681,1
11622,1
17434,1
10847,0
22623,0
6247,1
1892,1
8910,1
13115,1
15266,0
19589,0
16379,1
14444,1
18802,0
14436,0
2560,0
18125,1
7930,1
3309,0
7573,1
22593,0
21378,0
17361,1
966,0
5281,1
16526,1
16135,0
22421,1
22978,0
12932,0
7629,1
3880,0
12234,0
7359,0
20622,1
11002,0
21094,1
3914,1
18340,0
13037,1
2820,1
1295,1
4368,1
17675,1
13561,1
17593,1
5519,0
7739,1
13839,1
9053,0
15096,0
15029,0
153,1
14126,0
11785,0
14318,1
17856,0
12817,1
231,1
22252,0
1027,1
520,0
6398,0
6912,0
12259,0
1300,1
11547,0
7100,0
22965,0
2798,1
19406,0
17715,1
6746,1
17206,1
10841,0
20492,1
8767,0
4799,0
14859,0
5145,0
7638,1
13353,0
5558,0
9809,0
10680,1
19184,1
12599,1
10901,0
8683,0
11303,1
4845,1
2518,0
7655,0
2377,1
19936,0
15277,0
21617,1
12951,0
13700,1
1312,0
12529,1
13151,0
6907,0
9882,0
4754,0
16144,0
9627,0
14851,1
16574,0
2316,0
6227,1
2141,0
7322,0
565,0
16845,1
22134,0
22644,0
2028,0
7763,0
9288,1
12720,0
18163,1
12044,0
19037,0
10434,1
8578,0
1405,0
10212,1
8202,1
1991,0
2713,0
2144,1
12438,1
3930,0
15249,0
11994,0
22538,0
15274,1
10065,0
5998,0
10353,0
4405,0
21665,0
12450,0
8073,0
7429,1
16204,0
17140,0
20176,0
183,1
17342,0
15128,0
4988,0
4218,0
9418,1
16716,0
11683,1
15245,0
13086,1
14651,1
16274,1
1017,0
881,1
21387,0
22707,0
11108,1
21591,1
5930,0
3846,1
16748,1
16282,0
17835,1
4901,1
13149,1
8462,0
4576,1
22383,1
1945,1
20824,1
17087,0
5699,1
3951,1
8233,1
13365,1
17977,1
9195,1
17533,0
4172,0
3283,1
19512,1
20392,1
6919,0
12266,0
20536,0
17016,0
15190,0
4973,1
1301,0
13404,1
12556,0
20028,0
15705,1
4429,0
8994,0
16781,0
16586,1
22739,0
1080,0
221,1
8301,0
10603,1
19891,1
108,0
13424,0
18094,0
7886,0
3372,1
5166,0
20918,0
20561,0
7295,0
12714,1
10619,0
12449,0
1604,0
19150,1
9316,1
16771,1
18321,1
15436,0
3661,0
18032,1
19098,1
884,1
22508,1
17002,0
18435,0
1915,1
16593,0
6554,1
455,0
13770,0
9960,1
4403,1
16602,0
16349,0
11285,1
8011,1
19340,1
12413,0
14458,0
20702,1
5191,1
20825,1
20859,0
9914,0
9583,1
3158,1
7003,0
11139,0
9136,0
9577,0
2060,1
3810,0
16871,1
2999,0
11368,0
227,1
10986,0
19223,0
6252,0
20371,0
5118,0
1804,0
10571,1
2741,1
22477,0
9979,1
13599,0
19625,0
11973,0
22992,0
18146,0
16139,0
9032,1
12682,1
11691,1
820,0
12813,1
17707,0
19140,0
10442,0
20006,0
3946,0
16302,0
11700,0
6105,0
8665,0
17492,0
20944,0
10158,1
10087,1
7202,0
14250,0
14015,1
5506,1
6589,1
14314,0
4575,0
12297,1
21802,1
14058,1
20387,0
10772,0
19435,1
6908,0
72,0
5745,1
4208,1
20430,0
19260,0
12256,0
15726,0
17266,0
3339,0
19586,1
13702,1
7409,0
1141,0
15587,0
13332,0
10430,1
300,0
12579,0
19553,1
14704,1
19432,0
20743,0
5377,0
3128,0
6294,0
9667,0
20794,1
16261,0
11202,0
15218,0
21924,0
10900,1
4015,0
8403,0
8209,1
6797,0
17038,0
4677,0
20175,1
8513,0
11656,0
1925,0
18987,0
10668,0
8877,1
15983,0
16746,0
20023,0
2106,1
4364,0
18233,1
5113,0
13052,1
8793,0
3142,0
20908,0
6409,1
5499,0
5114,0
2055,0
18821,1
10466,0
2109,1
3736,1
11145,0
2232,1
16009,1
10189,0
22886,0
4668,0
9528,0
22474,1
13337,0
2521,0
20593,1
20533,1
1916,0
837,1
827,1
13580,1
5795,0
1520,1
14582,0
3917,0
1662,0
8563,0
15653,0
8856,0
20060,1
22586,0
6249,0
9694,0
15278,1
16146,1
14070,0
9689,0
8264,1
3298,1
9692,0
11568,0
3861,1
5476,0
4726,0
1978,1
21654,0
10246,0
22810,1
11233,0
4615,0
16722,1
20310,0
2277,0
8149,1
8126,0
8207,0
18958,1
397,1
15652,0
18641,0
2220,0
15902,0
4792,0
20119,1
7624,0
21576,0
8537,0
7338,0
21250,1
8339,0
17548,0
5714,0
15472,1
18656,1
17106,1
15753,1
5903,0
22568,1
4809,0
12664,0
3543,0
18422,0
12636,0
3550,0
18213,0
13261,0
21044,0
8241,1
13219,1
21729,0
22712,1
13928,1
219,0
22086,1
1260,0
6269,0
18254,1
13760,0
18371,0
4017,1
20469,0
7479,0
7781,0
12633,1
352,1
14371,0
16776,0
19780,0
0,1
18842,0
10553,1
22277,1
9014,1
7595,1
12981,0
10903,0
1850,1
18952,0
17258,1
7736,1
5235,0
11863,0
9043,0
13447,0
8441,1
4341,0
16549,0
10733,1
12021,1
17330,1
5884,0
1548,1
2684,0
2465,0
17671,0
6420,1
21500,1
12721,0
22627,0
8916,0
5642,0
8047,0
1828,0
4747,1
20861,1
16938,0
18940,1
3603,0
21134,0
21319,1
2617,0
22076,0
15027,0
10776,1
6139,1
6166,0
16137,0
6737,1
19185,0
15474,0
19135,0
20740,0
10449,0
10854,0
13860,0
11578,0
14990,1
14871,1
13829,1
12603,0
16857,1
5262,1
10973,0
2887,0
3095,1
6808,1
1026,1
9990,1
22488,1
18309,0
11734,1
3197,0
8483,0
17988,1
21407,1
18585,0
5129,0
6857,1
13738,0
15692,0
22446,0
19929,1
3976,0
6199,1
10071,1
3629,0
21067,0
694,0
16951,0
12888,1
13413,0
15856,1
506,0
9871,0
1596,0
15049,0
4554,1
2093,0
21475,1
19735,1
12634,0
10623,0
15698,1
16187,1
21996,0
20959,0
13708,1
21695,0
21910,0
21578,1
1091,0
5570,1
20789,0
10865,0
20215,0
20243,0
12872,1
20280,0
13269,1
15535,0
16534,0
7449,0
5322,1
415,1
19264,0
2552,0
21503,1
13282,0
3699,1
18238,1
15498,1
17028,0
18425,1
21446,1
17495,1
9820,0
19204,0
11981,1
13828,0
8718,1
3832,0
1621,1
7246,1
7659,0
13470,0
9085,0
4960,0
5623,0
13208,1
10460,0
17561,1
6238,1
10432,0
19885,1
20140,1
12053,1
13508,0
21444,1
3455,0
938,0
10708,1
6899,1
19759,0
16237,1
19991,0
11559,0
9258,1
10769,0
6710,0
6779,0
6157,1
22951,0
22083,0
7234,0
17018,1
18402,0
19969,0
12497,1
3631,1
3561,0
21409,0
3887,0
10274,1
3498,1
12501,0
20654,0
13338,0
13,1
14848,0
2478,0
5904,0
12398,0
18259,1
18970,1
8215,0
9524,0
21257,1
10211,1
7603,0
8723,1
3315,0
1524,0
21082,1
22731,1
7083,1
13924,0
16482,1
8178,1
18818,0
19086,1
20803,0
21993,1
12448,0
2979,0
13190,1
945,1
16222,1
4846,1
18813,1
9211,1
4913,1
21997,0
8249,0
88,1
1427,0
5748,1
16307,0
6923,1
5576,0
20019,1
1383,0
5421,1
18584,0
19645,1
2072,0
20755,0
175,0
10140,1
14741,1
12445,0
13158,1
17090,1
7931,1
22865,0
12020,0
3993,0
14834,0
4714,1
20502,1
22580,0
14201,0
6839,0
481,1
1863,0
19843,0
19014,0
11718,0
14898,1
17217,0
20287,0
13903,0
22984,0
8295,1
21822,1
16189,0
5680,1
10946,1
7419,0
2528,0
10292,1
15772,0
17236,0
10370,0
12917,1
4744,1
12814,0
33,0
12787,0
17075,0
7385,0
5543,1
1732,0
11236,1
7652,1
11351,1
16420,0
3364,1
5213,0
5744,0
6859,1
6500,1
7080,0
13945,1
3091,0
14840,0
18403,0
6333,1
17315,1
13899,0
8300,1
22825,0
14586,1
4909,1
8305,1
13302,0
8550,0
10521,0
16978,0
19127,1
8783,0
7724,0
11698,0
17794,0
13679,1
15572,1
22967,1
20113,1
9183,1
4111,1
10099,0
1475,0
21297,1
19703,1
14663,0
17486,0
20489,1
1603,0
8488,0
14659,0
2590,1
17292,0
9899,1
7435,0
21592,0
14357,0
15019,0
7714,0
7313,1
1247,1
2038,1
22157,1
6083,0
22695,0
1336,1
18098,1
13598,0
10260,0
10199,0
20204,0
16466,0
13881,0
21178,0
5418,1
7775,1
13157,1
12474,0
17878,0
5282,1
18877,1
17840,0
21765,0
10289,0
7062,0
7540,0
17343,1
18704,0
5489,0
10778,0
5910,0
21916,0
17961,0
3623,0
11365,0
14830,1
4043,1
6332,1
2879,0
14415,0
18300,1
15597,0
16504,0
5593,0
11918,1
8760,1
22682,1
2000,0
12028,0
14088,0
680,0
7856,0
18269,0
10200,0
8275,0
5218,1
7667,0
11740,0
17305,1
19556,0
4904,1
14689,0
16887,0
6874,1
12268,0
4766,1
554,1
18932,1
14121,1
20689,1
5739,1
15950,0
4127,1
18646,0
15460,1
213,1
15794,1
21741,0
470,0
18798,0
11558,0
21561,0
21041,0
2289,1
16741,0
4442,0
21336,1
19844,0
16405,1
244,1
21101,0
17276,0
5606,0
16664,0
3851,0
9253,1
10476,0
16291,1
15526,0
18307,0
755,0
1181,0
638,1
641,1
608,0
18545,0
3670,1
11598,0
20650,0
12641,1
5472,0
5469,1
13969,0
8061,0
618,0
2918,0
6160,1
106,1
110,0
11431,1
3933,1
5760,1
3618,0
15944,1
16285,0
8979,1
17903,0
7878,1
15155,1
14945,0
6438,0
22091,1
20588,1
10893,1
5595,1
8164,0
18000,0
9530,0
419,0
438,0
5181,1
5917,0
17000,1
557,0
6402,0
5193,0
14719,0
16865,1
13108,1
7700,0
9578,1
22481,1
4841,0
15410,0
4360,0
22366,1
3510,0
891,0
3227,0
14060,0
6934,1
4664,1
14110,1
13651,0
4339,1
7364,0
21953,0
3194,0
4602,0
18363,0
2729,0
4895,0
4732,0
11188,0
21908,0
6410,0
11179,0
8213,0
3981,1
9375,1
559,0
11129,1
9944,0
17975,0
17479,0
1685,0
2998,1
168,0
859,1
8902,1
1289,0
21930,0
6337,1
12390,0
4698,0
19159,0
15828,1
9676,0
1047,0
5417,1
15332,1
12264,0
2635,0
12353,0
9091,1
13394,1
17102,1
12971,1
4167,1
11477,1
15184,0
9110,0
15922,1
14277,1
13512,0
14649,0
5867,1
22605,0
11472,0
15473,1
4137,1
1901,1
8030,0
14047,0
7668,1
1013,0
17630,1
4286,1
20369,1
4391,1
19147,1
12736,1
4163,0
361,0
9097,0
21017,0
3891,0
17882,0
22986,0
11314,0
15987,0
3665,0
7122,1
12696,0
2073,1
18066,0
20518,0
7127,0
12941,0
4994,0
13003,0
21772,1
19291,1
5615,0
11259,0
12591,1
19250,1
16442,1
19861,1
20830,0
11936,0
6431,0
8290,1
13808,1
5769,0
7922,1
8735,1
18955,1
2361,0
10969,0
21438,1
7442,0
6620,0
22162,1
1398,1
11861,0
11242,1
11919,1
127,1
15329,0
11066,0
17722,1
22104,0
18204,1
3126,0
20014,0
7134,0
1798,0
15408,0
18258,0
20785,0
2032,0
5507,0
13122,1
9739,0
22440,0
1225,1
256,0
2098,1
2811,0
4801,0
5655,1
15447,1
4222,0
6480,0
13622,0
13082,0
2935,0
15459,0
15657,0
17983,1
10960,1
10053,0
5754,0
16079,1
21770,1
4117,1
17897,0
332,1
3094,0
6369,0
15325,0
3833,0
22875,1
18974,1
12350,0
16170,0
1073,1
510,0
5120,0
870,1
13048,1
5481,0
22797,0
8360,1
417,1
6864,0
9374,1
10153,0
14054,0
20131,0
7274,0
484,1
4633,0
5510,0
856,0
18429,0
16920,0
14355,1
11999,1
19742,0
3920,1
11961,0
102,0
20219,0
18490,1
13812,0
14174,1
8529,1
2444,0
17186,0
19603,0
4925,1
20779,1
17631,1
4330,0
3783,0
8996,1
2802,1
20153,0
21567,0
19449,1
17755,0
1842,0
8274,0
19,0
11796,1
3203,0
20552,1
5256,0
10144,1
11666,0
12973,1
8815,1
11060,0
2539,1
22748,0
18559,1
13368,0
20324,0
2893,0
4197,0
20046,1
11612,0
19968,1
8688,1
7921,1
290,0
22367,0
13205,0
10636,0
18734,1
16782,1
3075,1
21764,0
13957,1
18658,0
13232,0
13537,0
196,1
5690,1
5395,0
10866,0
2806,0
6011,0
11869,1
18100,1
11,0
4421,0
10490,1
6559,0
15400,0
12387,0
8287,1
14449,0
12270,0
13183,0
13540,0
8421,1
17929,1
8846,0
7400,0
15062,1
9406,0
597,0
22332,0
7362,1
563,0
20493,0
13400,0
5146,1
21054,1
15995,0
18412,0
2012,0
5573,1
10616,0
13710,0
14231,1
15663,0
4166,0
22295,1
20843,0
4788,0
9634,0
9343,1
15374,0
22571,0
9426,0
14347,0
8845,1
596,1
19940,0
6479,0
9226,0
3854,1
15963,0
6433,0
3019,0
8656,0
21414,1
22694,1
15853,0
5768,0
15730,1
15691,1
15113,0
1482,0
2908,1
13578,1
1541,0
2085,0
8520,1
15888,0
5761,1
12675,0
14884,0
13617,0
4281,1
10863,0
19154,1
16389,0
4207,0
22726,0
9379,1
10948,0
4797,1
4035,0
10269,0
19600,1
19658,0
11507,0
16765,0
22148,0
10815,0
11339,0
3402,0
654,0
22276,0
16528,1
1090,0
7626,0
6651,0
14017,0
2578,0
10919,0
10735,0
16470,0
2780,0
9389,1
1953,0
2752,0
5101,0
1158,0
7440,1
21189,0
5729,1
14348,1
18498,0
2462,0
8913,0
15588,0
170,0
19510,1
17968,1
6653,0
13339,1
17998,0
17879,0
13956,0
13271,1
10927,0
19756,0
18220,1
1530,0
4829,0
18959,0
18512,1
21746,0
21233,0
20169,0
15306,0
21253,0
3839,0
8066,1
2779,0
20121,1
13771,0
12396,1
5409,0
22636,0
6283,0
14352,1
21583,0
15038,1
854,0
10385,0
15129,1
2223,0
11930,1
4313,0
20488,1
9445,1
538,0
12865,1
12344,1
3011,0
9645,1
14417,1
4120,0
5616,0
15523,1
7593,0
6967,0
16250,1
2525,0
9942,0
21195,1
16949,0
11637,1
15142,0
5090,0
5163,1
8412,1
19476,0
16095,1
2385,1
16680,0
22952,0
8400,0
11965,1
17313,0
8605,0
21798,1
10828,0
4939,0
20228,0
2039,1
18558,1
11779,0
14703,0
9590,0
15530,0
6609,0
3782,1
6280,1
5002,1
14177,0
15182,0
6111,1
3913,0
18356,0
5647,1
1315,0
16548,0
15275,0
3117,0
18530,1
17132,1
19455,0
5772,0
15936,1
3501,0
21263,1
2447,0
1281,0
15920,1
16576,0
7501,0
19919,0
4906,0
11384,0
18058,0
10223,0
18364,0
17424,0
14583,0
17500,0
10721,1
6614,0
5373,1
14386,0
8198,0
13741,0
5916,1
14760,1
14881,1
17560,0
22555,0
8378,0
18569,1
866,1
19395,0
12617,0
15825,1
6518,0
783,0
3862,1
19962,1
12457,0
4888,0
13315,0
15900,0
18931,0
1941,0
7170,0
7549,0
11962,1
13499,1
22808,0
20636,0
19318,1
14602,0
516,1
21905,1
6985,0
18385,0
10062,0
8989,1
10958,0
22245,0
3214,0
22969,0
22034,1
15280,0
15382,1
7437,0
16970,0
18597,0
7725,0
9518,0
3403,0
8527,0
6762,1
4426,0
22350,0
16361,0
1822,0
10634,0
749,0
2575,0
19980,1
11414,0
17414,1
19559,0
130,0
17402,1
16107,0
15962,1
22957,1
9751,0
19685,0
10471,1
4115,1
17746,0
9772,0
14290,1
15046,0
19558,1
5853,0
12535,1
12342,0
3785,0
8050,0
12829,1
18971,1
199,0
5686,1
12325,1
17252,0
16102,0
3465,0
8146,0
21428,0
20490,1
17892,1
21853,0
14946,0
1201,1
15186,0
17649,0
16743,0
16899,0
21425,0
4954,0
5525,1
2404,0
4140,0
3519,1
17699,0
17259,1
18361,0
22543,0
6273,0
13904,1
21148,1
18586,0
8355,0
10598,0
22416,0
741,1
17026,1
6256,1
2491,0
4476,0
5719,1
20701,1
1414,0
13848,0
7251,1
1840,1
8914,1
82,0
20481,0
11603,1
18693,0
20440,0
4464,0
17888,1
19167,1
10604,0
4645,1
9373,0
11844,0
3247,1
8838,0
17293,0
625,1
13345,1
19116,1
4230,0
18666,0
3137,1
3299,0
17531,1
22738,0
2904,0
9081,1
6674,1
1428,0
16979,1
2919,1
13358,0
4907,0
22342,0
4765,1
8481,1
8691,1
3361,0
10046,0
9479,1
2776,0
10229,0
21880,1
2052,0
18398,1
20015,0
22043,0
14731,0
8834,0
19793,0
15536,1
5604,1
13467,0
13051,0
1841,1
11903,0
13781,0
10345,0
19282,0
11005,1
10664,1
15406,1
3004,0
17761,0
20180,1
17887,0
18384,0
8393,0
343,0
14853,1
16027,1
15442,0
2666,0
18849,1
5809,0
17772,0
12969,0
8556,0
17300,1
8463,1
4487,0
11625,1
14057,0
14560,0
2114,1
15559,1
2366,0
19565,1
22817,1
22272,0
7260,1
9265,1
15967,0
19779,1
813,1
1657,1
14108,0
22234,1
4182,0
6207,0
1468,0
22374,0
10716,1
9123,1
12363,0
1321,0
21251,0
8730,0
19960,0
17958,0
6350,1
9877,1
9571,1
1883,0
10711,0
15345,0
12078,1
11271,1
16869,0
17521,1
7367,0
14515,1
10773,0
4383,1
16210,0
1827,1
745,0
14405,1
8018,1
2996,1
5962,1
6122,0
7952,0
22426,1
8836,0
2123,0
10048,1
5388,0
18451,0
22361,0
21076,1
7502,1
11172,1
20898,0
15550,0
7422,1
15778,1
15357,0
1638,1
7494,1
10348,1
11757,0
21400,0
5914,1
17264,1
18295,0
10131,1
10324,0
9748,0
18542,1
12593,0
11669,1
13826,0
7833,0
11687,1
15457,1
13506,0
9280,1
3057,0
16312,1
1350,0
6383,1
6412,0
11053,1
13972,1
10612,1
17023,1
5455,1
391,0
989,1
21291,0
16247,0
13627,1
22770,1
5816,0
13064,0
1385,0
10569,0
21277,1
9958,0
66,1
5513,1
9425,0
9009,0
9419,0
2097,1
22479,1
21490,1
13595,0
3344,0
13675,1
1830,1
10949,0
8236,0
2078,0
7268,0
3118,0
612,0
20939,0
8243,0
8777,0
22725,0
14394,1
211,1
12627,0
20414,1
3894,0
9941,1
44,0
20475,0
8692,1
10829,0
10235,0
2544,0
10156,0
20724,0
1981,0
15339,1
21925,0
14503,1
17470,0
8390,1
16147,0
5463,0
18333,1
3145,0
22191,1
10731,1
17747,0
20628,1
13528,0
16347,1
21411,1
14900,1
2047,1
13782,1
9876,0
918,0
18195,1
6823,1
10283,0
4365,0
7040,1
8134,0
3475,1
17265,1
5793,0
20044,0
16279,0
4158,0
6667,0
16177,1
9638,1
7464,0
22885,0
21515,1
5487,0
92,1
7640,1
19343,0
1792,0
17079,0
18320,1
3312,0
12320,1
9283,1
11135,0
16427,0
201,0
17475,1
21288,0
19931,1
9802,0
8231,1
14023,1
6173,0
18175,0
1339,0
12283,1
8743,1
17999,1
14866,1
1910,0
19798,0
10821,0
22359,0
10593,0
18039,1
8646,0
5283,1
1714,1
17287,0
6320,0
10931,1
1655,0
1970,1
2463,0
15286,0
9114,0
1699,1
18332,0
9506,0
19535,0
3337,0
19342,1
7439,0
12103,1
9133,0
20286,1
12914,0
18409,0
4516,0
14706,0
5645,0
19693,1
19134,1
17615,0
8091,0
12469,1
13933,0
12937,0
8158,0
4380,0
2784,0
5116,0
9075,0
19308,0
14957,0
11029,1
15602,0
10554,0
19971,1
8812,0
1429,1
7947,1
22692,0
5304,1
16228,0
2206,1
5637,0
15482,1
16691,1
22970,0
15841,1
8006,1
7160,1
7956,1
17602,0
11278,1
8871,1
18962,0
1005,0
13429,1
17647,1
9912,0
10629,0
8501,0
8259,0
5815,1
21318,0
9923,0
9794,1
6376,0
9710,0
20303,0
21023,0
2646,1
4534,1
12163,1
8161,0
9444,0
20642,1
21034,0
20361,0
21946,1
20726,1
7609,0
21857,1
454,0
16375,1
16175,0
20777,1
4110,0
6755,1
22187,1
324,1
3119,1
921,1
9823,1
3064,0
2483,0
702,1
14514,0
14974,0
13202,1
4325,1
6135,0
12033,0
3674,1
16797,0
11989,0
21278,0
3268,0
6974,1
5863,0
12098,0
16935,0
16253,0
9208,0
19220,0
22142,1
2349,0
21420,0
3072,0
20808,0
5707,1
15085,1
8678,0
8987,0
18972,1
8272,0
19588,0
2647,0
1960,0
4523,0
14184,0
22642,1
1436,1
20967,0
12972,0
1070,0
2007,1
15837,0
1012,1
15668,0
14372,0
9828,0
20594,1
2051,1
187,0
13727,0
6540,0
16391,0
1623,0
5518,1
8645,0
19528,0
6202,0
15731,0
12686,1
9241,1
12688,0
17398,1
11727,0
21518,0
22445,1
4528,0
11219,1
10937,0
10979,0
13303,0
832,0
22994,0
19570,1
2364,1
12507,0
2403,0
14109,0
18777,0
13264,0
7885,0
12831,0
5877,0
2797,0
2124,0
2751,0
11867,0
3610,0
4310,0
11392,1
13927,1
12197,1
14286,1
12961,0
5918,0
15069,0
21547,0
8507,0
10956,0
433,1
8165,1
22827,1
15546,0
14554,0
22540,0
7012,1
20433,0
12695,0
20126,1
15969,0
1998,1
20600,0
18613,0
17513,1
81,0
11592,1
2711,1
18531,0
8502,1
9336,1
15170,0
8770,0
7977,0
22720,0
1613,0
3368,1
15679,0
15594,0
7768,1
18950,0
16096,1
2079,1
555,0
11111,1
4665,0
8552,0
3058,1
3860,0
776,0
4013,0
15389,1
32,0
6246,0
13527,0
19241,1
6515,0
14964,0
10045,1
13787,0
6847,0
3187,1
4510,0
4694,0
14460,0
14569,1
12875,1
15684,1
12082,1
9261,1
600,0
5898,1
3579,0
14638,1
15005,0
11975,1
18099,0
14430,0
17412,1
6954,1
4355,0
8562,1
16986,1
19842,0
21726,0
9628,1
7485,0
17308,0
19593,0
20306,0
20756,0
12531,1
6396,0
1988,1
16336,1
12368,0
12892,1
16535,1
12643,0
20693,1
10467,1
9655,0
19682,0
1236,1
6917,0
15532,0
4679,0
717,1
16943,0
22160,1
19172,1
17298,0
14518,0
16976,1
482,0
19235,0
8392,0
620,0
5747,1
12786,0
15745,1
16874,0
11845,0
12088,1
8347,1
14815,0
15061,0
16640,0
10103,0
12182,0
3195,0
5500,1
5307,1
4352,1
10017,0
11760,0
18391,1
19416,0
85,1
8948,0
16225,0
17770,1
17496,0
17481,0
22292,1
5018,0
11352,0
16269,1
2311,1
15110,0
19441,0
4349,1
10213,0
20565,0
6152,1
20050,0
20152,0
20961,0
15324,0
18507,1
6517,1
16788,1
19428,0
13825,0
4280,1
18201,1
22850,1
1637,0
8083,0
8292,0
10620,0
14227,0
10897,0
16708,0
6364,0
11042,0
20007,1
16909,1
22240,0
11877,0
222,0
12841,1
4894,1
767,1
3008,1
7189,0
6055,1
13542,0
13788,1
17581,0
20214,0
2861,0
5461,0
18997,0
616,0
5670,1
19862,0
8736,0
2336,0
18037,0
10599,0
22486,0
2894,1
12998,1
21817,0
1104,0
9875,0
19674,0
3136,0
11944,0
2360,1
1054,0
14302,0
19689,0
22124,0
22048,0
8112,0
13000,0
12798,0
442,1
21362,0
11084,1
5221,0
9553,1
22037,1
6740,0
4390,0
15775,1
22288,1
17454,0
1095,0
6669,1
1189,1
17219,1
11831,1
16414,1
1359,0
22321,0
1305,1
14876,1
10465,1
6473,0
22216,0
15598,0
7239,0
22702,1
21611,0
7280,1
2050,1
15677,1
12045,0
21008,1
5883,0
17251,0
13081,1
3613,0
5674,1
11124,0
12213,1
9671,1
16882,1
17448,0
2507,0
14206,0
14162,0
16531,0
13276,0
4314,1
7070,0
15792,1
20738,0
3926,1
1470,1
20942,1
12388,1
9259,1
5185,1
9260,0
10419,1
18915,1
16152,0
21301,0
10035,0
3106,0
4106,1
4484,0
10040,0
21825,0
11253,1
5198,1
9777,0
10536,0
13249,1
10601,1
5096,1
12718,0
511,0
11496,0
19035,0
9436,0
9169,0
13685,0
4423,0
17138,1
18697,0
965,0
420,0
6885,0
11809,0
6534,1
869,0
18265,1
3607,0
7067,0
16051,1
19691,0
12427,0
22890,1
22030,1
15497,0
19040,0
1296,0
3746,1
16700,1
8145,0
15157,1
6646,1
4290,0
9513,1
12243,0
19818,0
21920,1
20220,0
38,0
9612,0
15476,0
19284,0
21899,0
10208,1
4084,1
2420,0
3310,0
1955,0
12092,0
7996,1
19583,0
4837,0
21285,1
13069,0
17491,0
4796,0
7414,0
13907,0
8480,0
14345,1
11541,0
2782,1
14687,1
4639,0
801,0
15728,0
21219,0
8786,1
19518,0
2011,1
3059,1
19856,1
35,0
12804,0
19499,0
929,1
4771,0
69,1
13817,0
8327,0
1772,1
8172,0
16068,1
7014,0
9035,1
19702,0
3231,0
19130,1
11952,0
7826,1
19710,0
13116,0
21155,0
7771,0
16223,0
2794,0
8271,1
10264,0
4680,1
1893,1
16305,0
647,1
20888,1
18030,0
9767,1
4641,0
19933,1
21826,0
15540,0
20734,1
16002,1
709,0
22724,0
2563,0
2017,0
10994,1
18255,0
22745,0
14927,1
7420,0
4151,1
20102,0
19327,1
1455,1
5132,1
15317,0
3435,1
5766,0
13985,0
22989,1
9728,0
8304,0
12704,0
1440,0
10198,1
17614,0
1105,0
7039,0
4835,1
5094,1
5085,0
18243,0
840,1
22878,1
12215,1
4184,0
3983,1
13704,1
407,0
18857,0
7770,0
11023,1
16115,1
953,0
8470,0
13494,1
6270,1
15066,0
6714,0
21621,0
13921,0
12208,0
19450,0
18040,0
10374,0
14764,0
7153,0
6069,1
21376,0
5276,0
6636,0
9921,0
7622,0
6100,0
2573,0
22053,1
14557,0
6054,0
18325,0
17141,0
20480,0
8891,1
16830,0
2907,0
1896,1
9959,0
5073,0
9586,0
12226,1
14800,0
2270,0
5794,1
14906,1
6882,0
11887,0
8975,0
20212,0
14151,0
13283,0
11582,0
7278,0
1084,0
11208,0
12479,1
20854,1
3908,0
10005,1
11413,1
10215,0
2770,1
20841,1
1675,0
2620,0
8244,1
16506,1
11021,0
2645,1
9296,1
7138,0
1522,0
1600,1
21429,0
1433,1
1325,0
4077,0
6378,1
19151,0
18306,0
9410,0
7925,0
8589,0
14936,0
21345,1
15780,0
21232,1
3875,1
2278,1
11089,0
7461,0
10243,0
5000,1
3257,1
13998,0
1818,0
19179,0
13381,1
4316,1
4244,0
10726,0
6639,1
2434,0
6952,1
8261,1
2958,1
11820,1
1114,1
6187,1
11015,1
19594,0
13522,1
10129,0
629,0
6495,1
19928,0
17542,0
10932,0
16110,1
21860,0
11103,1
19544,1
18872,0
12459,1
14753,1
19943,1
941,0
1933,0
16787,1
20200,0
13926,0
7498,0
21805,0
16606,0
13809,0
15331,1
9435,0
3729,0
16791,1
16533,0
15255,0
2951,1
21668,1
12247,0
11741,1
15808,0
2293,1
21788,0
17625,0
2503,0
4948,1
12569,0
10751,1
613,1
8196,0
10339,0
21667,0
4122,1
12757,1
16169,0
8829,0
1869,1
9051,1
17702,1
8809,1
986,0
7174,1
15949,1
6085,1
14078,0
19578,0
12370,0
9956,0
14215,1
1962,0
17673,1
6555,0
18966,0
2721,0
6371,1
13849,0
3471,1
15702,0
14157,1
10077,0
19917,0
19805,1
20569,0
16465,0
4031,0
20661,1
11504,1
14247,0
15585,0
12621,0
11657,0
8670,0
8429,0
11528,1
4556,1
14311,0
12649,0
4386,0
9187,0
7020,0
20709,0
3230,1
2952,0
18944,1
8239,1
8220,0
13966,1
1578,1
9598,0
17940,0
6685,0
5244,0
16673,1
8045,1
15060,0
3672,0
22917,1
16616,1
17294,1
4850,1
9847,0
20589,0
2430,0
22111,0
11701,1
15711,1
10881,0
3291,0
4,0
4805,0
21508,1
20484,0
9448,1
14943,1
11396,0
19740,0
1808,0
14902,1
12999,1
11544,1
13696,0
12296,0
16029,0
14308,0
5679,0
22336,1
8065,1
10085,1
21335,0
4871,1
19464,0
11269,1
566,1
7002,0
18604,1
19757,0
20043,1
8010,0
8423,0
18073,1
21842,0
2401,0
18228,1
19900,0
16682,0
16011,1
12431,0
18132,0
10356,0
6770,0
8523,0
6206,0
16388,1
8567,1
12777,1
21098,1
6549,0
19595,1
1224,0
5226,1
21637,0
18103,0
20186,1
21634,0
22101,0
8729,1
17685,0
21117,0
8486,0
3964,0
7917,1
2153,0
10139,0
8677,1
8553,1
18329,1
18193,0
13721,1
14773,0
14670,0
792,0
17243,0
10372,0
7397,1
21960,0
4748,0
3948,0
14490,0
644,1
5601,1
5440,0
18283,1
17191,0
21259,0
1758,0
12224,0
310,1
14246,0
11549,0
12436,1
16731,0
19003,0
13450,0
9266,0
17505,0
687,0
19746,1
8408,1
9429,1
17197,0
9625,1
8353,0
20572,1
21898,0
21833,0
19881,1
16744,0
370,0
706,0
22631,1
387,0
5284,1
20567,0
16836,1
16059,0
11495,0
19310,1
3600,0
15091,1
9970,1
10871,0
14523,0
9350,0
15012,0
13594,1
1622,1
22903,1
15195,0
22569,0
6757,1
11602,1
22220,1
248,0
8763,0
1332,0
17919,0
12134,1
21399,0
16561,0
19093,0
8299,0
9185,1
12728,1
17677,1
22059,0
21087,0
9503,1
10007,1
16042,0
10133,0
17282,0
5206,0
16296,1
6189,1
15813,1
17011,1
12205,0
19380,0
9332,1
11746,0
20431,0
17101,1
6036,0
1060,0
19915,0
10206,1
7699,1
1918,1
20242,0
14447,0
9579,1
12263,1
11456,0
1686,0
3039,0
15895,1
6136,1
18316,1
9526,1
9409,0
9568,1
21548,0
5952,0
7471,0
10528,0
21558,1
4501,1
2538,1
15716,0
6038,1
9609,1
10779,1
12128,0
4502,0
1747,0
18124,0
2371,0
15388,1
7877,0
14139,0
7162,0
22489,0
6005,1
13778,0
3609,0
18826,0
13906,0
7432,1
21450,1
14786,1
10457,1
959,0
21655,0
21664,1
15742,1
15735,0
12357,0
16324,0
2543,1
134,1
1599,0
3697,0
18330,0
20722,0
961,1
10848,0
4784,0
10930,0
8766,0
3380,1
10914,0
12651,1
18589,0
16428,0
16952,0
19051,0
16984,1
3141,0
9017,0
15016,0
1715,0
15419,0
13285,0
21575,1
13663,1
7374,0
5825,0
8904,0
8775,0
5618,1
6811,0
22848,0
6458,0
3249,0
6068,0
7645,1
15941,0
9384,0
1282,1
19338,1
7081,0
11207,0
9368,1
14418,1
13705,0
16961,0
2182,0
15399,0
17580,1
4646,1
9013,0
17522,1
19050,0
11794,1
20221,1
22688,0
15233,1
18219,0
12772,0
3796,0
1463,0
16131,0
2247,0
17007,0
5234,0
16641,0
17055,0
10804,0
11445,1
18486,0
9955,1
6004,0
21368,1
19458,1
18523,1
2526,1
9064,0
2956,0
1302,0
14154,1
21587,1
5836,0
12890,0
2131,0
18780,0
9364,0
6987,1
946,0
21594,0
20582,0
3216,1
21903,1
19719,0
660,1
7853,1
308,0
20883,1
10700,1
17135,0
8032,1
8063,0
4755,1
3253,0
17790,1
22750,0
6562,0
7511,1
4102,1
16651,0
6405,1
8268,1
3486,0
22710,0
16419,0
17953,0
20025,0
21976,0
8546,0
9286,0
10577,0
9398,0
18571,0
19524,1
16232,0
11228,1
9047,0
2370,0
10892,0
542,0
1297,1
4660,0
12741,0
3427,1
17637,0
6896,1
19219,0
18739,0
3191,1
12399,0
427,0
8211,0
16861,0
15700,1
11643,0
16476,0
10262,0
8497,0
6980,1
13417,0
12626,1
22653,0
21602,0
21818,1
17893,0
490,0
21525,0
19369,1
3439,0
21763,1
1976,0
9845,0
22633,0
1866,0
7841,0
7,1
339,0
10148,0
18266,0
3869,0
7124,1
19472,0
19561,0
4258,0
3423,0
18447,0
14924,0
16052,0
19352,0
942,1
15206,1
7537,0
15966,0
19560,1
13224,0
4131,0
828,1
1338,0
11749,1
14628,0
736,1
5987,1
12322,0
10239,0
16346,0
3676,0
20662,1
9270,1
8942,1
1148,0
8175,0
21727,0
1253,0
15605,1
20196,0
4933,1
5042,0
15574,0
17167,0
2036,0
12751,0
19612,1
8985,0
14269,0
14101,0
15344,1
13757,0
12230,0
21005,0
4071,1
16628,1
2889,0
17780,1
20792,0
7914,0
8019,0
12659,0
2862,1
6185,1
5895,0
11016,0
2868,0
14531,0
8939,1
20366,1
10477,0
5879,0
22908,0
6951,1
14858,0
11983,0
5953,0
1242,1
272,0
10192,0
4348,0
12156,0
19667,0
19650,1
3267,0
10463,1
3351,0
3244,0
16106,0
11370,0
8842,0
9177,1
4785,1
10128,1
19244,0
5483,0
6793,0
21130,1
8959,0
15577,1
2230,1
2771,0
1304,1
15043,1
15099,1
12039,0
15056,1
20162,0
13042,0
2217,1
12938,1
871,1
191,0
22785,0
9142,0
20848,1
15611,0
11433,0
5220,0
13111,0
5149,0
2460,1
15736,0
142,0
3847,1
15617,1
14575,0
13403,1
12918,0
4414,0
819,1
14210,0
3774,1
6502,1
2932,0
15222,1
1357,1
20599,0
17796,0
7493,1
3007,0
15999,1
22832,1
18289,1
5398,1
8226,0
14075,0
5014,0
5988,0
11677,0
3286,1
22953,0
12484,0
14329,0
15499,1
18748,0
4527,1
11234,0
5933,1
9346,0
17655,1
12358,0
5492,0
8715,1
292,0
20206,1
10159,0
13169,0
8840,0
13036,1
19045,1
1698,0
20652,0
18539,0
6260,1
2029,1
22507,1
18621,0
16340,0
18756,0
18327,0
10172,1
21293,1
16611,0
4211,0
22235,0
13476,0
9557,0
13856,1
22552,0
13118,0
2745,1
5045,1
9264,0
16423,1
2556,1
11512,0
14693,0
5824,1
2151,1
15614,0
5856,0
2644,1
9007,1
5869,0
21540,0
7030,1
17661,0
17013,1
3719,1
21751,0
6058,0
6709,0
20218,0
15680,0
16828,0
21774,1
14224,0
11059,0
12646,0
994,0
12354,0
13073,0
11081,0
3207,1
422,1
18277,1
16704,0
2368,1
20271,0
16623,1
8894,0
17582,0
4300,1
7860,0
12142,0
8620,0
3153,0
20570,1
20790,0
252,0
19324,0
3294,0
239,0
20148,0
11881,0
19677,0
10784,1
14388,0
6560,1
11143,0
435,0
12839,1
22600,1
3682,1
18582,0
3660,0
17996,0
16754,0
10338,1
6741,0
18322,1
12742,0
17462,1
6098,0
10332,1
3505,0
17461,0
17238,0
18095,0
15928,0
9826,0
20982,0
10713,0
22281,0
1009,0
21224,1
9587,0
12076,0
2717,0
8628,1
2445,0
7829,0
10006,1
14626,0
8882,1
11156,0
10988,0
12221,1
16959,1
20655,0
18034,0
389,0
1565,0
65,1
16358,1
4563,0
20826,0
2957,0
943,0
21532,0
296,0
15795,0
9256,1
20318,1
13505,0
11996,0
15338,0
8543,0
1186,0
2803,0
17969,1
20711,0
22871,0
19624,0
9405,0
18273,0
19239,0
6790,1
4848,1
1393,1
15630,0
19713,1
9750,0
6194,1
2814,1
2674,0
22794,1
11048,1
2459,0
12125,0
12281,1
6155,0
5694,1
1239,1
2372,0
13412,0
21784,1
10587,1
20587,0
16859,1
1124,1
19814,1
6764,1
18084,0
11424,0
84,0
662,0
3877,0
20894,0
5064,1
17520,1
8955,0
19294,1
7892,1
13576,0
17230,1
2621,1
15689,0
6824,1
7438,1
4691,1
13209,1
22430,0
15849,1
896,1
11615,0
585,1
20742,0
4620,1
3619,0
8765,1
17337,0
10090,1
11879,1
7019,0
4067,1
22638,0
321,0
3713,1
4170,1
6463,1
8002,0
1968,1
6468,0
6538,0
10724,0
10299,0
14276,0
16989,0
11091,0
3370,1
21675,0
14046,0
5860,0
1674,0
12926,1
12749,0
7649,0
10885,1
16647,0
11672,0
14008,0
5350,0
16281,1
11018,0
1432,1
18188,0
3525,1
7353,1
12242,0
19146,0
2591,1
19579,1
12933,0
8805,0
18282,1
1052,0
1154,1
3135,1
20907,0
205,0
15162,0
15341,0
18430,1
20581,1
5911,1
20123,1
11218,0
12422,0
11990,1
12761,0
4648,0
7291,1
12864,0
20856,0
13523,0
20247,0
2739,0
19956,1
18487,0
2682,1
13090,0
14555,0
9532,1
9194,1
17545,1
857,0
10155,1
13502,0
5109,0
13063,0
4014,0
2196,1
1684,0
20213,0
16077,1
12361,1
5036,0
9045,1
11959,0
10320,0
3003,0
13272,1
8928,0
17510,1
20559,1
11304,0
22404,1
18049,0
5850,0
14730,1
11425,0
10315,1
9791,1
20546,0
9725,1
7648,1
2273,0
3069,1
12956,1
18829,0
12372,0
10318,1
18921,0
1390,1
567,0
16104,1
5424,0
7687,0
4828,0
8991,1
1353,0
15261,0
4688,0
2843,0
7535,0
9755,0
11012,0
543,0
16889,0
17244,0
10550,0
19277,0
16185,1
1989,1
3345,1
2610,0
11364,1
3284,0
17960,0
17768,0
8265,0
20246,1
7949,0
9387,0
1785,0
17710,0
20290,1
21126,1
6938,0
18336,0
2475,0
20509,1
15514,1
4806,1
11439,1
16804,0
16767,1
18382,1
11745,0
6366,1
16738,0
1481,0
3835,0
22788,0
2484,0
6174,0
8551,0
18862,1
22394,0
7259,0
20925,1
18050,0
22036,1
15782,0
2510,0
804,1
711,0
7899,1
137,0
21161,0
8632,0
3690,1
14996,0
9018,1
18036,1
2425,0
12585,1
1539,1
3308,0
1852,1
21977,1
19107,1
3874,0
19046,0
19631,1
16718,1
20073,0
12137,0
7803,1
2164,0
15126,0
13217,0
20810,1
12144,0
3148,1
109,0
18450,0
21192,1
13275,0
17328,0
21909,1
18025,0
11378,1
18298,0
20647,1
16179,1
15095,1
1891,0
3764,1
19846,1
8652,1
7529,0
20964,0
13128,0
8375,0
7366,0
14805,0
4473,0
14491,0
11229,1
19025,0
3830,0
12394,1
7146,0
6012,1
320,1
15998,0
14030,0
11822,0
13555,0
14333,0
16126,1
17231,1
22465,1
19817,1
12323,0
14775,0
13531,0
6955,0
7008,0
22854,1
14249,0
2984,0
19569,1
4282,1
18922,1
8870,1
7102,1
19483,0
22859,0
8711,0
12131,0
21154,0
6904,0
5508,0
11685,0
16796,1
637,1
7819,0
2298,1
12882,1
11240,1
11668,0
17360,1
1462,0
18695,0
13715,1
21870,0
19276,1
2351,1
15500,1
1360,0
21033,1
14938,0
2675,0
6700,1
13233,0
12716,1
6868,0
19628,0
21605,0
6643,0
14402,0
17605,0
12351,0
21215,1
9210,0
19092,0
4839,0
993,0
19229,0
2265,0
1270,0
8103,1
10832,0
14591,1
4088,1
22348,0
12819,1
16556,0
16644,1
10812,0
15201,0
13834,0
1288,0
14185,0
2156,1
21801,1
1453,1
3809,1
3695,1
21648,0
15343,0
20321,1
11561,0
7149,0
17447,0
14562,0
18186,0
12770,0
13375,0
10382,0
2990,0
10026,0
17497,1
3551,0
18478,0
13481,0
3087,0
8221,0
13380,1
21902,1
18741,1
11699,1
12630,1
16897,0
21669,1
2332,0
15378,1
22836,1
8811,0
21203,0
17063,0
1190,1
5488,0
12222,1
17572,1
22039,0
18287,0
14631,1
1589,1
3198,0
11520,0
6640,1
16590,0
14350,1
22062,1
14462,0
12378,0
17283,0
6491,1
13634,0
15281,1
7272,0
9548,0
11223,1
15857,0
13431,0
22447,1
5265,0
16911,0
16074,0
9132,0
16566,0
9431,0
5635,0
8119,0
11035,0
6113,1
10575,1
11498,1
209,0
19590,0
5804,1
18737,1
12764,0
12824,1
3821,1
2301,0
1921,0
5837,0
4864,1
15242,0
16840,0
12123,0
11462,1
1899,0
1783,1
7526,0
4124,0
21329,1
5335,0
6414,1
3969,0
13804,0
6525,1
14679,1
8167,1
18654,0
6,1
8725,0
17624,0
22641,0
2712,1
18750,1
9972,1
22666,1
5112,0
12952,1
878,1
21523,1
15480,0
5977,0
16896,0
15466,0
11216,0
19443,1
1936,1
5709,0
2786,0
9536,1
11792,1
14668,1
10546,1
10894,1
15876,0
2874,1
14044,0
5034,1
2456,0
2266,1
9687,1
7168,0
692,1
13292,0
13676,0
17519,0
15421,0
12169,1
372,0
8952,0
3577,1
8037,0
4883,0
8953,1
18242,0
12009,0
14547,1
10972,0
17918,1
19094,1
2275,0
2548,0
8068,0
2664,0
17465,0
13352,0
3557,1
22530,1
6279,0
21947,1
11675,1
11088,0
18152,0
13386,1
20676,0
1092,1
12392,1
15746,1
12472,0
2238,0
5312,1
11750,0
255,1
19880,1
21427,0
11329,1
1831,0
1358,1
17819,1
11092,1
15953,1
1320,0
11126,0
11553,1
4141,1
13752,1
3520,0
22613,0
14895,1
5246,0
19966,0
6735,1
14403,0
10857,1
5529,0
867,0
5313,0
6457,1
7377,0
20530,1
11204,0
10590,1
3517,1
7552,1
20189,1
21886,0
4838,0
21843,1
2219,0
17306,1
22221,0
287,0
5728,0
20731,0
22114,1
21939,1
13350,1
11441,0
18616,0
22003,1
5975,0
16116,1
18113,0
17285,0
12666,1
12836,0
10102,0
9691,1
20412,0
11123,0
6183,0
19616,1
19187,1
11266,1
6921,0
1366,1
5607,0
6828,1
17487,0
17895,0
10458,1
22,1
21430,1
5433,0
20383,0
14366,1
7932,0
19988,1
6529,0
525,1
18645,1
10296,1
20305,0
771,0
5800,0
20764,1
4707,0
15364,1
6261,0
4511,1
15454,0
9736,1
12376,0
7967,1
5229,1
12340,0
3325,1
18048,1
2193,1
10161,0
16245,0
12314,1
11945,0
19355,0
14500,1
15607,1
5697,0
7533,0
5891,1
5344,1
8598,0
16886,0
1150,0
3669,0
22891,1
21160,0
9946,0
17771,1
7155,1
651,0
19807,1
3208,0
3472,0
10570,1
16934,0
19950,1
22787,0
5675,0
12287,0
20882,0
21026,0
14929,0
11769,0
4370,0
8623,1
4253,0
8227,1
20135,1
16005,0
19831,0
3625,0
18553,0
18730,0
1728,1
4722,0
20571,1
14734,0
12017,0
20634,1
1416,1
536,1
2088,1
21163,1
19448,1
9762,0
14588,1
12944,1
17100,0
2089,0
11900,0
713,0
3111,1
793,0
2985,0
14942,0
10522,0
12549,1
11503,0
20016,0
10523,1
13206,1
384,0
16288,0
5473,1
15486,1
14529,1
1191,0
14064,0
22839,1
20272,1
12852,1
17688,1
8376,0
5569,1
8577,1
14756,0
2137,1
18120,1
19400,1
7052,0
5846,0
2320,0
20563,0
11978,1
22333,0
8782,0
4499,0
16488,0
19305,0
18712,0
15620,0
1506,0
5661,0
17442,0
7024,1
8487,0
18824,0
8837,0
3272,0
21199,0
14435,1
21377,0
4567,1
13153,0
16280,0
12897,0
14097,0
19048,0
17348,0
13187,1
7121,1
8540,1
15674,1
14404,0
22380,0
7150,1
6348,1
11870,0
16657,1
14909,1
6570,1
9929,0
13245,0
6893,1
14413,0
21619,1
12671,1
3049,1
1848,0
20435,1
14419,1
16474,1
11480,0
3278,1
6474,1
22153,1
17708,1
5004,0
9463,1
17405,0
16514,1
9779,0
9607,0
22913,1
10642,1
19839,1
21361,1
21676,0
11660,0
5567,0
8093,0
11004,0
2795,0
12152,1
17387,0
10650,1
1147,0
6668,1
16581,0
7166,1
16430,0
13974,0
22382,0
21865,1
385,0
10649,0
15892,1
3401,1
10378,0
4521,1
9202,1
18978,0
15610,0
494,0
1183,0
19847,0
16262,1
20270,1
20776,0
14010,0
16727,1
573,0
12985,0
19020,1
466,0
18392,0
10100,0
6910,1
21814,0
17457,1
6855,0
8617,0
10115,0
5773,0
6821,1
3641,0
7212,0
8325,1
1521,1
2878,0
7177,0
15604,1
7678,0
18056,1
13407,1
13084,0
2080,1
19138,0
3780,0
4322,0
18882,0
18454,0
8499,0
135,0
12921,0
911,0
16117,0
7639,0
5190,1
21986,0
4982,1
6865,1
9046,1
13520,0
20900,0
11226,1
1419,1
2588,0
16357,0
9902,0
18367,1
5458,1
16101,1
21719,1
12673,1
19334,0
3634,1
6349,0
15552,0
19125,1
13106,0
5734,0
1957,0
2027,0
2369,0
3903,1
9360,0
8682,1
1806,1
2670,1
12022,0
1924,1
18014,1
16003,1
10902,1
125,0
487,0
22334,1
12979,1
1602,0
119,0
15432,0
6508,0
11083,0
3323,1
6222,1
948,0
4670,0
6625,0
19109,1
7918,1
17817,0
11468,0
12508,0
9533,1
663,0
13318,0
19775,0
5889,0
5544,1
16497,1
21296,0
16592,1
2921,1
8372,0
15295,0
20322,0
12837,0
4438,0
14056,0
20503,1
9074,0
17866,1
21894,0
13049,1
4559,1
8494,1
21365,1
16848,0
10641,0
16715,0
9995,0
21864,0
21691,0
20167,0
9339,0
20072,0
15659,1
17706,0
9300,0
2285,1
5700,0
12589,0
21885,1
5041,0
11786,0
19613,1
2061,1
16890,1
14257,0
9622,1
4733,1
18550,1
5539,0
10849,1
10628,0
22298,0
3406,0
19898,0
12456,0
16022,0
7806,1
9778,1
11167,0
10485,0
1691,0
3563,0
11719,0
7690,0
10547,0
4489,1
16668,0
5306,0
21703,0
21244,0
11166,0
13496,0
8657,0
1217,0
15055,0
7832,0
9626,0
4625,0
7356,0
21104,1
15490,0
17372,1
15760,0
17187,0
3347,1
10817,0
22407,0
6023,0
10512,0
2226,1
7088,0
14170,1
14272,1
12845,0
9160,0
4930,1
14098,0
11398,1
11471,1
7184,0
17474,1
12731,0
2980,0
19924,0
8143,0
4814,1
15031,0
5028,1
15515,0
3354,0
6654,1
9472,1
4492,1
9076,0
14297,1
11897,0
1967,1
10818,0
203,0
16149,1
11957,0
5104,1
21421,0
12557,0
3419,1
20308,1
8357,0
19285,1
4774,0
4530,0
4173,1
8509,1
863,1
17077,0
21969,0
23,1
3302,0
15299,0
5238,0
19034,1
12604,0
5721,1
20851,1
12146,1
3157,0
11395,0
14264,0
10582,0
3261,1
10568,1
4891,0
1177,1
9765,0
15994,0
4204,0
21938,0
18353,0
9746,1
13148,0
13070,1
7167,1
15616,0
5992,0
6089,0
3950,1
2913,0
10888,0
18895,0
20815,0
28,0
19934,1
5039,0
10974,0
21566,0
7105,1
20434,0
22539,0
8395,0
20450,0
16499,0
6037,0
3449,1
7777,1
17756,0
20370,0
530,1
12880,1
13978,1
5369,0
3656,0
7293,0
1897,0
15935,0
19126,0
2987,0
18401,0
6295,1
7940,0
1280,0
11098,1
19974,0
2785,0
10407,1
21467,1
19788,0
6715,0
17804,0
4674,1
18396,0
18764,0
10532,1
21721,1
14874,0
14051,0
345,0
412,0
11871,1
2245,0
14481,1
8015,0
5338,1
17716,0
18995,0
4398,0
6026,0
14594,0
16824,0
7926,1
21868,0
11798,1
11838,1
5599,1
19069,1
14456,0
4779,1
8102,0
5792,1
764,0
17607,0
8136,0
18405,0
8369,0
6454,0
18013,0
16726,1
13214,0
22700,1
3259,1
9903,0
12075,0
21690,0
7299,1
22628,0
15754,0
16300,1
2071,0
11148,0
13538,0
5660,0
2201,0
11577,0
12715,0
13937,0
5215,1
2934,1
8923,0
2960,0
17766,1
12355,0
11969,0
3097,0
8958,1
5139,1
11287,1
14606,0
10834,0
8067,0
20513,0
5950,1
16390,1
5033,0
8085,0
4271,0
3971,0
21590,0
3987,0
20674,0
19621,1
11875,0
1204,0
8320,1
1160,0
9396,1
17910,1
8434,1
5459,1
9140,1
8155,0
13601,0
636,1
3773,1
18665,0
14495,0
11350,0
22510,0
4193,1
21326,0
14599,1
8016,0
1504,0
5696,1
14997,1
1810,1
14725,1
21029,0
21381,1
1789,0
5985,1
19006,1
6190,0
11725,0
1488,1
22168,1
225,0
2105,0
17420,0
20026,0
8095,0
12062,1
11623,0
21542,0
3394,1
15573,0
14836,0
18835,1
11196,0
7943,0
17858,1
6060,0
6327,0
7827,1
2356,1
20156,1
9873,1
15615,0
1851,1
14133,1
5280,0
21858,0
5958,0
5106,1
5496,0
16113,0
8077,0
16254,1
8285,0
17061,0
15032,1
12475,1
22393,0
15864,1
19300,0
11485,0
967,0
13473,1
21622,0
19511,0
8962,0
18207,1
11908,0
1546,1
7424,0
19376,0
17784,1
3975,0
15815,1
14167,1
11358,0
6544,1
2577,1
20193,1
19982,0
11121,1
11755,0
6672,0
14283,1
12995,0
21256,1
11175,0
3871,1
697,1
6926,0
3694,0
15641,1
1533,0
7523,1
17070,1
7597,0
12597,1
7686,0
19539,1
14042,0
12207,1
6611,0
17562,1
9358,1
13255,1
4546,0
12548,0
20641,0
15872,1
11640,1
19131,1
10531,1
8931,0
17693,1
6806,0
8697,1
22239,1
5946,1
13876,0
19967,0
761,0
21145,1
8599,1
15844,0
6567,0
8851,0
6235,0
3925,0
1377,1
6901,0
8988,0
7287,0
9380,0
22079,0
8586,0
21705,1
408,0
562,1
14411,1
12272,0
18875,1
18903,0
1292,0
6482,0
18912,0
5902,1
4180,1
15632,0
18574,0
15423,1
6607,0
11852,0
4079,0
9716,1
22023,0
10028,0
22845,1
11659,0
4471,0
8664,1
22375,0
20159,1
10186,1
6817,0
11686,0
3018,0
7669,1
20330,1
14823,0
22279,0
6483,1
11411,0
2014,0
6211,1
18544,1
7606,0
19792,1
8746,0
2104,0
5531,0
20514,1
6353,0
16575,0
4469,0
3193,1
21961,0
6890,0
13185,1
13793,0
17421,1
14423,1
20517,0
17645,0
21466,0
18918,0
22959,1
6881,0
11251,0
12493,0
4617,1
11214,0
20319,1
9059,1
21010,1
2207,0
838,1
21133,0
21674,0
13382,0
5299,0
701,0
14747,0
14431,1
1536,1
6631,0
21638,0
9835,1
20202,1
5617,0
8222,1
9237,0
10757,0
22331,1
9124,1
20208,0
703,1
10278,0
18796,0
17687,0
11405,0
15566,1
9342,1
20446,0
11434,0
12253,1
6558,0
9453,0
14130,0
11653,1
20746,0
14521,0
1537,0
9428,0
619,1
19306,0
9560,0
2660,1
16485,0
1406,1
21042,1
851,0
15018,0
5774,0
14252,0
15945,0
17226,0
12767,0
12338,0
556,0
4711,1
10039,0
6354,0
8616,0
22775,0
7487,0
16910,0
8744,1
3858,0
9021,0
9310,0
17508,0
3000,0
6619,0
14926,1
7483,0
12573,1
15618,0
3169,0
12293,0
9632,0
22966,0
5444,1
13931,0
4570,1
3366,0
5954,0
11726,0
10143,0
7539,1
11174,0
13822,1
21827,0
13254,0
9601,0
3245,1
5134,0
18609,1
876,0
4849,1
15672,1
1961,0
877,0
21282,0
1299,1
12317,0
1547,1
4209,0
4467,1
16826,0
19591,0
13725,0
2976,0
1163,0
550,1
22075,1
22419,0
17774,1
22116,0
4139,0
9262,0
15244,0
5131,0
8055,1
11417,0
20097,1
20765,0
13095,0
18983,0
15120,0
21036,0
13910,0
16172,1
15510,0
12635,1
12523,0
1727,0
21209,0
390,1
3355,1
19319,0
6197,0
6469,1
2346,0
5643,1
8528,1
16143,0
13349,0
3499,0
6826,0
18735,0
5384,1
2655,1
4344,0
15276,1
16454,0
16178,0
22572,1
8976,0
13087,1
17275,1
16907,0
18411,0
4424,1
2605,1
14954,0
5722,1
14083,1
17362,0
10371,1
10618,0
2863,0
16272,0
6655,0
6215,1
9165,1
5061,1
18657,0
16065,0
18804,0
2410,0
4289,1
11802,1
11293,0
13432,0
19248,1
4485,0
13361,1
14223,0
11394,0
1704,0
8428,0
4294,1
8162,1
2395,1
22313,1
8918,1
11450,0
10584,0
5013,1
18731,0
16311,0
21035,0
3105,0
8500,1
8330,0
3239,0
8296,1
9726,1
8277,1
12104,0
6717,0
16134,0
18725,0
13455,1
16158,0
5789,1
21519,1
22914,0
16763,1
307,0
10922,1
16675,0
12084,0
17689,0
3928,0
6375,1
14647,1
22480,0
3516,0
2963,0
9005,0
12618,0
1409,1
900,0
3438,1
21028,1
3248,1
9931,1
22676,0
14406,0
21981,0
6838,0
14218,1
4836,1
575,1
2937,1
18091,1
5931,0
10425,0
2851,0
788,1
18763,0
236,1
18767,0
13746,1
14648,1
20937,0
6610,1
10037,0
19851,0
22588,0
19426,1
20382,1
20844,0
11864,0
8489,0
21202,1
19575,0
15592,1
7042,1
12470,0
3415,0
21940,0
12048,1
20768,0
242,0
19437,1
22765,0
17626,1
18004,1
19027,0
742,0
4860,0
22622,1
5153,1
15982,1
4145,0
8662,1
9824,0
19064,0
21984,1
21487,0
3938,0
11947,0
19236,0
8316,1
13591,0
17728,0
22838,0
1809,1
14911,0
10681,1
5119,0
12727,0
2227,0
18246,0
21955,0
6351,0
20373,0
14771,1
1755,0
7898,0
17821,0
16785,1
11455,0
342,0
16735,1
14666,0
21942,0
14033,0
11557,0
20231,0
22494,0
4135,1
19358,0
4610,0
19030,1
21051,0
1011,1
11535,1
20591,1
18107,1
9861,0
17629,0
19999,0
15223,1
19253,0
2183,0
16862,0
15368,1
115,1
5818,1
16463,1
8536,0
10012,0
12565,1
10961,0
14791,0
13823,0
15557,0
10204,0
3922,0
9313,0
3500,1
13570,1
5534,0
12582,0
18495,0
16221,1
2122,1
17430,0
628,0
5071,0
10029,1
15724,0
8855,1
11069,0
18535,1
1610,0
18074,1
17202,1
1291,1
15959,0
22344,0
16103,0
9232,1
4235,1
1381,0
8029,0
17071,0
20309,1
6494,1
18784,0
4915,1
10792,0
15648,0
20870,0
99,0
18953,0
10560,0
21295,0
13688,1
10503,0
12067,0
3632,1
335,0
17843,0
20705,1
12052,1
14642,0
7935,0
12403,0
15475,0
5522,1
11671,0
16578,0
20917,0
22397,1
7955,0
10064,0
17073,0
14274,1
8580,0
10761,0
18698,0
20292,0
17900,1
18977,1
1993,1
14720,0
15938,0
17773,0
1949,0
22780,0
13551,0
17241,0
2495,0
4678,1
4719,0
9481,0
8370,0
14225,0
14478,0
10410,1
22549,0
3881,1
18947,0
1507,0
15430,0
21501,1
14393,0
8668,1
19460,0
19446,0
217,1
2943,0
21083,0
6835,0
2678,0
13630,1
15506,1
14235,0
10652,1
9490,0
1437,0
13510,1
19543,1
21102,0
22301,1
12236,1
14883,1
18292,1
20578,1
14155,0
1700,1
6958,1
16032,0
7045,1
10952,0
19738,1
12231,0
10710,0
1759,0
5115,0
16523,0
6490,0
2529,1
3558,0
18261,0
12333,1
10355,0
22852,1
8363,1
16257,0
16203,1
13754,0
6356,1
22602,0
5435,1
491,0
11086,0
19215,1
22173,0
14066,0
2834,1
3899,0
8405,0
5264,0
16310,0
16532,0
18140,0
10996,0
3021,0
9616,0
7193,0
10054,0
20301,0
7218,1
17587,0
1231,0
14915,1
2549,1
7726,1
13343,0
16206,0
15260,1
8927,1
19614,1
778,1
15402,0
20277,0
20057,0
4003,1
8476,0
642,0
2788,0
8983,0
22058,1
12528,0
6161,1
21683,0
5086,0
14826,1
15534,0
8398,0
3841,1
9770,0
13796,1
7999,1
5259,1
3842,0
5736,0
15263,1
10487,0
13415,0
4329,0
1373,0
11585,0
3177,0
8101,0
10981,1
17356,0
14199,1
11896,0
18810,0
5919,1
18529,0
19797,1
12352,1
10258,0
13092,1
7591,0
17139,1
13297,0
8053,1
3828,0
14701,0
19743,0
7509,1
1837,0
5287,1
7051,0
16666,1
460,0
18123,0
19983,0
8319,0
18331,1
8333,0
17964,1
1761,0
9551,0
19323,0
18081,1
1051,1
1937,0
17672,1
2581,0
15767,1
823,0
4921,0
2436,0
212,0
17354,0
11464,0
2836,1
15220,0
17339,0
13314,0
16089,1
9400,1
15334,1
20747,0
5343,0
3715,1
4760,0
8130,0
11914,0
14998,0
9761,1
10676,0
15143,0
18591,0
21514,0
6000,1
6228,1
1766,1
15250,1
8708,0
7910,0
6074,1
17735,1
19193,1
18771,0
18139,0
21509,0
22423,0
22203,0
19080,1
2869,1
4474,1
15084,0
22727,1
2618,0
91,1
4385,1
15565,0
6612,0
18946,0
2257,0
8505,1
